albumId,id,title,url,thumbnailUrl
1,1,accusamus beatae ad facilis cum similique qui sunt,https://via.placeholder.com/600/92c952,https://via.placeholder.com/150/92c952
1,2,reprehenderit est deserunt velit ipsam,https://via.placeholder.com/600/771796,https://via.placeholder.com/150/771796
1,3,officia porro iure quia iusto qui ipsa ut modi,https://via.placeholder.com/600/24f355,https://via.placeholder.com/150/24f355
1,4,culpa odio esse rerum omnis laboriosam voluptate repudiandae,https://via.placeholder.com/600/d32776,https://via.placeholder.com/150/d32776
1,5,natus nisi omnis corporis facere molestiae rerum in,https://via.placeholder.com/600/f66b97,https://via.placeholder.com/150/f66b97
1,6,accusamus ea aliquid et amet sequi nemo,https://via.placeholder.com/600/56a8c2,https://via.placeholder.com/150/56a8c2
1,7,officia delectus consequatur vero aut veniam explicabo molestias,https://via.placeholder.com/600/b0f7cc,https://via.placeholder.com/150/b0f7cc
1,8,aut porro officiis laborum odit ea laudantium corporis,https://via.placeholder.com/600/54176f,https://via.placeholder.com/150/54176f
1,9,qui eius qui autem sed,https://via.placeholder.com/600/51aa97,https://via.placeholder.com/150/51aa97
1,10,cum et rerum quia aliquam rerum quae explicabo,https://via.placeholder.com/600/810b14,https://via.placeholder.com/150/810b14
1,11,quia molestiae reprehenderit quasi aspernatur,https://via.placeholder.com/600/3d0734,https://via.placeholder.com/150/3d0734
1,12,voluptatum laborum magni,https://via.placeholder.com/600/1e71a2,https://via.placeholder.com/150/1e71a2
2,1,sunt aut facere repellat provident occaecati excepturi optio reprehenderit,https://via.placeholder.com/600/1ee8a4,https://via.placeholder.com/150/1ee8a4
2,2,molestiae ipsa aut voluptatibus pariatur dolor nihil,https://via.placeholder.com/600/66b7d2,https://via.placeholder.com/150/66b7d2
2,3,et iusto sed quo iure,https://via.placeholder.com/600/8814d6,https://via.placeholder.com/150/8814d6
2,4,odio adipisci rerum aut animi,https://via.placeholder.com/600/6277db,https://via.placeholder.com/150/6277db
2,5,alias odio sit,https://via.placeholder.com/600/eaa8a4,https://via.placeholder.com/150/eaa8a4
2,6,vero eaque aliquid doloribus et culpa,https://via.placeholder.com/600/748cd1,https://via.placeholder.com/150/748cd1
2,7,ad et natus qui,https://via.placeholder.com/600/5a5e36,https://via.placeholder.com/150/5a5e36
2,8,tempora soluta voluptas deserunt,https://via.placeholder.com/600/589712,https://via.placeholder.com/150/589712
2,9,facere tempore et perspiciatis optio praesentium,https://via.placeholder.com/600/56a8c2,https://via.placeholder.com/150/56a8c2
2,10,sed itaque beatae pariatur,https://via.placeholder.com/600/160f29,https://via.placeholder.com/150/160f29
2,11,magni odio non,https://via.placeholder.com/600/767e56,https://via.placeholder.com/150/767e56
2,12,et doloremque nulla,https://via.placeholder.com/600/241e96,https://via.placeholder.com/150/241e96