id,name,username,email,street,suite,city,zipcode,lat,lng,phone,website,companyName,catchPhrase,bs
1,Leanne Graham,Bret,Sincere@april.biz,Kulas Light,Apt. 556,Gwenborough,92998-3874,-37.3159,81.1496,1-770-736-8031 x56442,hildegard.org,Romaguera-Crona,Multi-layered client-server neural-net,harness real-time e-markets
2,Ervin Howell,Antonette,Shanna@melissa.tv,Victor Plains,Suite 879,Wisokyburgh,90566-7771,-43.9509,-34.4618,010-692-6593 x09125,anastasia.net,Deckow-Crist,Proactive didactic contingency,synergize scalable supply-chains
3,Clementine Bauch,Samantha,Nathan@yesenia.net,Douglas Extension,Suite 847,McKenziehaven,59590-4157,-68.6102,-47.0653,1-463-123-4447,ramiro.info,Romaguera-Jacobson,Face to face bifurcated interface,e-enable strategic applications
4,Patricia Lebsack,Karianne,Julianne.OConner@kory.org,Hoeger Mall,Apt. 692,South Elvis,53919-4257,29.4572,-164.2990,493-170-9623 x156,oleane.org,Robel-Corkery,Multi-tiered zero tolerance productivity,transition cutting-edge web services
5,Chelsey Dietrich,Kamren,Lucio_Hettinger@annie.ca,Skiles Walks,Suite 351,Roscoeview,33263,24.8918,21.8984,(254)954-1289,demarco.info,Keebler LLC,User-centric fault-tolerant solution,revolutionize end-to-end systems
6,Mrs. Dennis Schulist,Leopoldo_Corkery,Karley_Dach@jasper.info,Norberto Crossing,Apt. 950,South Christy,23505-1337,-71.4197,71.7478,1-477-935-8478 x6430,ola.org,Considine-Lockman,Synchronized bottom-line interface,streamline mission-critical resources
7,Kurtis Weissnat,Elwyn.Skiles,Telly.Hoeger@billy.biz,Rex Trail,Suite 280,Howemouth,58804-1099,24.6463,-168.8889,210.067.6132,elvis.io,Johns Group,Configurable multimedia task-force,generate enterprise e-tailers
8,Nicholas Runolfsdottir V,Nick.RunolfsdottirV,Maxime_Nienow@rosamond.me,Ellsworth Summit,Suite 729,Aliyaview,45169,34.0038,-117.7223,586.493.6943 x140,nick.org,Abernathy Group,Implemented secondary concept,expedite revolutionary meta-services
9,Glenna Reichert,Delphine,Chaim_McDermott@dana.io,Dayna Park,Suite 449,Bartholomebury,76495-3109,24.6463,-168.8889,(775)976-6794 x41206,conrad.com,Yost and Sons,Switchable contextually-based project,aggregate real-time technologies
10,Clementina DuBuque,Moriah.Stanton,Rey.Padberg@karina.biz,Kattie Turnpike,Apt. 198,Lebsackbury,31428-2261,-38.2386,57.2232,024-648-3804,ambrose.net,Hoeger LLC,Streamlined coherent hardware,synergize impactful interfaces
11,John Doe,Johndoe,john.doe@example.com,Main Street,Suite 123,Doeville,12345,12.3456,-12.3456,123-456-7890,johndoe.org,Doe Inc.,Visionary granular approach,empower seamless markets
12,Jane Smith,Janesmith,jane.smith@example.com,Second Street,Apt. 456,Smithtown,67890,98.7654,-98.7654,987-654-3210,janesmith.net,Smith Ltd.,Organic dynamic matrix,maximize robust paradigms
13,Robert Brown,Robertb,robert.brown@example.com,Third Avenue,Suite 789,Brownton,54321,76.5432,-76.5432,654-321-0987,robertbrown.org,Brown Corp.,Balanced systemic contingency,leverage scalable platforms
14,Emily White,Emilyw,emily.white@example.com,Fourth Road,Apt. 101,Whitetown,19283,45.6789,-45.6789,321-098-7654,emilywhite.net,White Industries,Programmable heuristic interface,drive strategic solutions
15,Michael Green,Michaelg,michael.green@example.com,Fifth Lane,Suite 202,Greenburg,28491,67.8901,-67.8902,432-109-8765,michaelgreen.org,Green LLC,Advanced 3D circuitry,utilize visionary analytics